auth_id,card_id,merchant_id,auth_amount_usd,currency,auth_status,decline_reason,auth_timestamp,response_code,auth_type,is_international,mcc_code,network,risk_score,is_3ds_verified
AUTH000001,CRD00157,MER0002,2816.54,GBP,APPROVED,,2024-06-10 04:59:29,61,CHIP,False,5734,VISA,9.9,True
AUTH000002,CRD00133,MER0018,2903.01,GBP,APPROVED,,2023-06-21 16:19:48,62,CHIP,False,5621,AMEX,58.9,False
AUTH000003,CRD00007,MER0016,523.64,EUR,APPROVED,,2024-12-16 00:14:59,05,ONLINE,True,5300,MASTERCARD,31.2,True
AUTH000004,CRD00134,MER0016,1742.15,USD,DECLINED,INVALID_CVV,2024-07-14 18:56:33,62,CHIP,False,4511,VISA,81.0,True
AUTH000005,CRD00088,MER0004,3386.02,USD,APPROVED,,2024-12-23 07:00:38,51,MANUAL,False,4121,VISA,33.1,True
AUTH000006,CRD00060,MER0013,3149.17,USD,REFERRED,,2024-05-12 11:23:29,61,SWIPE,False,7841,VISA,45.0,True
AUTH000007,CRD00181,MER0007,1029.72,GBP,APPROVED,,2024-09-20 03:48:57,05,MANUAL,False,4121,VISA,36.6,True
AUTH000008,CRD00068,MER0016,2639.05,GBP,APPROVED,,2023-09-01 10:16:33,61,MANUAL,False,5812,VISA,34.8,True
AUTH000009,CRD00173,MER0010,4593.49,GBP,APPROVED,,2023-03-07 19:53:28,14,CHIP,False,5814,MASTERCARD,11.7,True
AUTH000010,CRD00131,MER0013,2091.78,USD,APPROVED,,2024-03-22 11:09:40,61,SWIPE,False,7011,AMEX,53.7,False
AUTH000011,CRD00045,MER0018,835.16,EUR,TIMEOUT,,2023-04-19 23:19:01,14,CHIP,False,7841,VISA,86.6,True
AUTH000012,CRD00050,MER0013,4819.18,GBP,APPROVED,,2024-05-22 06:06:09,62,SWIPE,True,7011,MASTERCARD,71.0,True
AUTH000013,CRD00022,MER0019,155.27,USD,APPROVED,,2023-08-15 20:57:02,00,CHIP,False,4121,MASTERCARD,16.8,True
AUTH000014,CRD00198,MER0016,2749.08,USD,APPROVED,,2024-03-20 20:09:49,05,CHIP,True,7841,AMEX,82.3,True
AUTH000015,CRD00113,MER0018,1093.49,EUR,DECLINED,INSUFFICIENT_FUNDS,2024-07-25 15:49:25,51,CHIP,False,5621,MASTERCARD,34.9,True
AUTH000016,CRD00031,MER0008,1050.18,GBP,APPROVED,,2024-04-01 15:41:44,57,MANUAL,True,5661,VISA,61.6,True
AUTH000017,CRD00016,MER0019,1754.73,EUR,DECLINED,VELOCITY_LIMIT,2024-02-23 11:22:25,14,CHIP,True,4511,MASTERCARD,57.3,False
AUTH000018,CRD00174,MER0004,678.81,EUR,REFERRED,,2024-12-14 15:05:24,00,CHIP,True,5300,AMEX,86.6,True
AUTH000019,CRD00083,MER0008,3807.61,GBP,APPROVED,,2023-11-02 00:28:21,62,CONTACTLESS,True,5541,AMEX,41.4,True
AUTH000020,CRD00197,MER0003,2014.85,GBP,APPROVED,,2023-08-05 02:30:09,57,SWIPE,False,4121,AMEX,0.2,False
AUTH000021,CRD00118,MER0012,4250.68,GBP,APPROVED,,2023-11-05 21:57:40,51,SWIPE,False,7011,MASTERCARD,32.3,True
AUTH000022,CRD00148,MER0005,2831.14,EUR,APPROVED,,2024-09-04 07:02:42,57,ONLINE,False,5734,AMEX,78.4,True
AUTH000023,CRD00041,MER0015,2283.13,EUR,APPROVED,,2023-06-07 03:29:04,14,CHIP,False,5541,VISA,65.5,True
AUTH000024,CRD00171,MER0006,259.88,GBP,APPROVED,,2023-08-26 07:06:18,51,SWIPE,True,5411,AMEX,9.5,True
AUTH000025,CRD00034,MER0019,1131.73,GBP,APPROVED,,2023-12-12 16:38:52,00,ONLINE,True,4121,VISA,98.8,True
AUTH000026,CRD00123,MER0003,1145.51,USD,APPROVED,,2024-07-21 14:25:00,05,ONLINE,False,7841,MASTERCARD,13.7,True
AUTH000027,CRD00174,MER0005,342.99,GBP,APPROVED,,2023-01-07 13:58:50,14,SWIPE,False,5812,AMEX,74.8,True
AUTH000028,CRD00114,MER0007,434.35,USD,APPROVED,,2023-04-19 18:02:02,05,MANUAL,True,5734,MASTERCARD,96.3,True
AUTH000029,CRD00064,MER0009,3223.46,USD,DECLINED,VELOCITY_LIMIT,2024-04-11 19:26:04,54,ONLINE,True,4511,VISA,51.8,False
AUTH000030,CRD00101,MER0010,3231.2,USD,APPROVED,,2024-01-20 09:22:32,61,ONLINE,False,7011,AMEX,59.4,False
AUTH000031,CRD00004,MER0012,4669.69,USD,PENDING,,2023-10-28 11:11:15,61,CHIP,True,5251,MASTERCARD,95.4,True
AUTH000032,CRD00018,MER0001,1311.66,USD,APPROVED,,2024-12-17 14:07:28,00,SWIPE,True,4511,AMEX,71.3,True
AUTH000033,CRD00103,MER0003,3203.05,GBP,APPROVED,,2024-04-23 11:56:58,14,CHIP,False,4511,VISA,51.1,True
AUTH000034,CRD00040,MER0018,1634.42,GBP,REFERRED,,2024-05-07 16:06:06,05,CHIP,True,5661,AMEX,95.3,True
AUTH000035,CRD00023,MER0014,580.82,GBP,APPROVED,,2024-04-17 21:27:31,00,CHIP,True,5251,VISA,1.3,True
AUTH000036,CRD00042,MER0016,4765.13,GBP,DECLINED,VELOCITY_LIMIT,2024-08-31 03:56:14,54,CONTACTLESS,False,5300,AMEX,78.1,True
AUTH000037,CRD00031,MER0001,1675.72,EUR,DECLINED,DO_NOT_HONOR,2024-02-11 21:21:01,05,CHIP,True,5812,AMEX,7.7,True
AUTH000038,CRD00015,MER0016,4296.94,USD,APPROVED,,2023-10-13 14:11:49,14,CHIP,False,5812,AMEX,72.3,True
AUTH000039,CRD00001,MER0002,4293.59,USD,DECLINED,CARD_EXPIRED,2023-02-05 17:09:28,62,CHIP,False,5300,VISA,93.1,True
AUTH000040,CRD00183,MER0014,1123.35,USD,APPROVED,,2023-11-20 07:35:07,57,CHIP,False,5812,MASTERCARD,11.9,False
AUTH000041,CRD00046,MER0008,4021.89,USD,TIMEOUT,,2023-11-08 09:46:51,05,SWIPE,False,4511,MASTERCARD,8.6,True
AUTH000042,CRD00052,MER0010,2819.47,EUR,APPROVED,,2024-07-28 10:41:44,51,SWIPE,False,5812,MASTERCARD,99.8,True
AUTH000043,CRD00140,MER0008,753.68,EUR,DECLINED,INSUFFICIENT_FUNDS,2023-06-30 23:23:33,57,ONLINE,False,5969,AMEX,37.6,False
AUTH000044,CRD00027,MER0007,2649.54,USD,DECLINED,INVALID_CVV,2024-01-18 04:04:58,00,CONTACTLESS,True,5541,VISA,4.4,True
AUTH000045,CRD00134,MER0014,3504.53,EUR,PENDING,,2023-12-23 02:16:37,05,MANUAL,False,7011,VISA,63.7,True
AUTH000046,CRD00146,MER0002,2175.48,USD,APPROVED,,2023-07-03 21:44:42,54,CHIP,False,5734,AMEX,83.2,True
AUTH000047,CRD00070,MER0008,374.36,USD,APPROVED,,2023-04-16 17:18:31,05,CONTACTLESS,False,5251,MASTERCARD,46.6,True
AUTH000048,CRD00092,MER0007,2260.13,EUR,APPROVED,,2023-07-25 20:06:20,05,ONLINE,False,4511,AMEX,69.7,True
AUTH000049,CRD00084,MER0005,456.97,USD,APPROVED,,2023-10-04 07:31:32,61,MANUAL,False,4511,MASTERCARD,82.0,True
AUTH000050,CRD00104,MER0015,2780.21,GBP,APPROVED,,2023-07-14 01:35:26,05,SWIPE,False,5300,VISA,1.2,True
AUTH000051,CRD00103,MER0012,3431.74,GBP,APPROVED,,2023-03-07 06:36:30,54,ONLINE,False,5411,VISA,90.2,True
AUTH000052,CRD00024,MER0011,613.52,EUR,DECLINED,INSUFFICIENT_FUNDS,2023-05-11 11:32:44,61,SWIPE,False,5969,MASTERCARD,68.3,True
AUTH000053,CRD00048,MER0009,1399.99,USD,APPROVED,,2023-01-27 21:54:44,51,CHIP,False,5661,AMEX,47.9,True
AUTH000054,CRD00036,MER0014,998.09,GBP,APPROVED,,2023-07-13 12:27:02,00,SWIPE,True,7841,MASTERCARD,54.5,True
AUTH000055,CRD00145,MER0017,1608.7,EUR,APPROVED,,2023-05-20 16:00:39,00,CHIP,True,5814,VISA,89.6,True
AUTH000056,CRD00121,MER0017,1787.81,GBP,APPROVED,,2023-06-30 19:00:01,14,ONLINE,False,5814,MASTERCARD,53.4,False
AUTH000057,CRD00057,MER0019,4232.68,EUR,APPROVED,,2023-10-03 14:02:15,14,CONTACTLESS,False,5812,MASTERCARD,80.6,False
AUTH000058,CRD00152,MER0001,3517.56,EUR,APPROVED,,2024-03-16 21:47:18,14,MANUAL,False,7011,AMEX,30.9,True
AUTH000059,CRD00015,MER0008,3008.71,USD,APPROVED,,2024-02-13 21:42:41,62,ONLINE,False,7841,VISA,80.6,True
AUTH000060,CRD00083,MER0002,110.54,GBP,DECLINED,FRAUD_SUSPECTED,2024-12-13 10:17:50,14,ONLINE,True,7841,VISA,37.4,False
AUTH000061,CRD00026,MER0011,1509.52,USD,APPROVED,,2023-05-03 08:05:06,61,SWIPE,True,4121,VISA,70.7,False
AUTH000062,CRD00158,MER0012,1116.96,GBP,APPROVED,,2024-09-24 14:31:38,14,SWIPE,False,4511,VISA,17.8,True
AUTH000063,CRD00147,MER0013,4253.93,GBP,TIMEOUT,,2023-01-26 03:39:29,14,MANUAL,False,7841,VISA,64.0,True
AUTH000064,CRD00037,MER0011,3726.97,USD,TIMEOUT,,2023-09-27 09:00:33,57,CONTACTLESS,True,5411,AMEX,67.0,False
AUTH000065,CRD00115,MER0001,1326.8,USD,PENDING,,2024-06-22 09:44:19,05,CHIP,False,5734,AMEX,0.1,True
AUTH000066,CRD00108,MER0006,4422.88,EUR,APPROVED,,2024-11-15 21:23:47,61,CHIP,True,5734,VISA,82.9,False
AUTH000067,CRD00176,MER0008,814.12,USD,APPROVED,,2024-09-12 18:03:59,00,CHIP,False,4121,MASTERCARD,95.2,True
AUTH000068,CRD00097,MER0006,3660.19,GBP,APPROVED,,2024-11-28 14:14:52,05,CHIP,True,7841,MASTERCARD,70.5,True
AUTH000069,CRD00043,MER0020,4448.88,USD,TIMEOUT,,2023-02-11 14:21:05,05,CHIP,False,5812,MASTERCARD,69.7,False
AUTH000070,CRD00139,MER0009,3303.33,EUR,TIMEOUT,,2023-07-04 12:13:15,05,ONLINE,False,5812,AMEX,84.0,True
AUTH000071,CRD00001,MER0014,439.05,GBP,APPROVED,,2024-04-30 12:32:23,62,CONTACTLESS,False,5969,VISA,17.1,True
AUTH000072,CRD00122,MER0004,1542.46,EUR,REFERRED,,2024-01-01 19:02:27,62,CHIP,False,4121,MASTERCARD,18.5,True
AUTH000073,CRD00115,MER0002,1317.22,EUR,APPROVED,,2023-07-24 14:08:49,51,CHIP,True,5411,VISA,75.2,False
AUTH000074,CRD00172,MER0012,4041.09,EUR,APPROVED,,2024-08-10 13:22:42,51,MANUAL,False,5734,AMEX,41.9,False
AUTH000075,CRD00122,MER0019,4408.39,EUR,APPROVED,,2023-08-21 03:00:25,05,SWIPE,True,5411,AMEX,57.1,False
AUTH000076,CRD00174,MER0020,738.09,EUR,DECLINED,CARD_EXPIRED,2023-05-10 20:10:38,51,CONTACTLESS,False,5411,MASTERCARD,7.8,False
AUTH000077,CRD00161,MER0005,4170.71,EUR,APPROVED,,2023-09-06 08:33:44,05,ONLINE,False,4121,MASTERCARD,55.2,True
AUTH000078,CRD00004,MER0020,2938.29,EUR,APPROVED,,2023-03-29 09:30:11,61,CONTACTLESS,False,5812,AMEX,58.3,True
AUTH000079,CRD00145,MER0004,3928.94,GBP,TIMEOUT,,2024-11-14 14:55:12,57,SWIPE,False,5734,AMEX,48.6,False
AUTH000080,CRD00045,MER0009,2015.47,GBP,APPROVED,,2024-04-17 18:09:23,61,ONLINE,False,4121,AMEX,23.8,False
AUTH000081,CRD00069,MER0012,102.14,EUR,APPROVED,,2023-08-30 12:30:54,54,SWIPE,True,5734,VISA,13.4,False
AUTH000082,CRD00083,MER0009,3644.27,GBP,APPROVED,,2024-05-16 10:00:50,05,CONTACTLESS,False,5812,MASTERCARD,74.1,False
AUTH000083,CRD00015,MER0017,3957.66,USD,PENDING,,2023-08-30 15:45:17,61,CONTACTLESS,True,5812,VISA,17.4,True
AUTH000084,CRD00064,MER0002,2282.79,EUR,DECLINED,FRAUD_SUSPECTED,2023-06-04 15:40:30,54,CHIP,False,7011,MASTERCARD,63.5,True
AUTH000085,CRD00062,MER0012,2444.44,EUR,APPROVED,,2023-05-18 22:23:59,62,MANUAL,True,7841,MASTERCARD,16.4,True
AUTH000086,CRD00177,MER0003,1426.06,EUR,DECLINED,INSUFFICIENT_FUNDS,2023-05-07 12:48:50,51,CONTACTLESS,True,5814,AMEX,20.7,False
AUTH000087,CRD00006,MER0001,2371.01,USD,APPROVED,,2024-05-17 19:52:49,14,MANUAL,False,5814,MASTERCARD,60.8,True
AUTH000088,CRD00182,MER0009,2119.61,EUR,DECLINED,,2023-09-28 20:24:38,62,CHIP,False,5621,MASTERCARD,67.7,False
AUTH000089,CRD00027,MER0001,2558.06,GBP,APPROVED,,2024-10-16 23:57:07,57,MANUAL,True,7841,AMEX,28.3,False
AUTH000090,CRD00017,MER0011,4941.82,GBP,APPROVED,,2023-09-10 12:59:39,54,CHIP,True,4511,VISA,15.0,True
AUTH000091,CRD00154,MER0013,3302.99,GBP,PENDING,,2023-04-19 16:28:30,00,SWIPE,False,5541,MASTERCARD,40.5,False
AUTH000092,CRD00182,MER0019,4080.26,EUR,APPROVED,,2024-07-18 07:52:16,51,MANUAL,True,7011,AMEX,35.8,True
AUTH000093,CRD00169,MER0018,906.5,USD,DECLINED,INVALID_CVV,2023-04-10 09:03:05,54,MANUAL,False,4121,AMEX,8.9,True
AUTH000094,CRD00079,MER0014,3940.66,EUR,APPROVED,,2023-10-16 16:39:45,54,MANUAL,False,5621,VISA,47.1,False
AUTH000095,CRD00159,MER0003,2361.63,USD,APPROVED,,2024-01-24 17:34:28,05,SWIPE,True,4511,MASTERCARD,5.4,True
AUTH000096,CRD00052,MER0011,2046.55,GBP,APPROVED,,2024-11-24 11:50:21,62,CONTACTLESS,False,5251,VISA,48.8,False
AUTH000097,CRD00081,MER0002,24.56,EUR,REFERRED,,2023-06-12 15:10:12,14,MANUAL,False,7011,VISA,12.9,True
AUTH000098,CRD00104,MER0014,4826.67,EUR,APPROVED,,2023-01-04 15:02:20,00,MANUAL,False,7841,VISA,89.2,False
AUTH000099,CRD00174,MER0001,3133.81,USD,APPROVED,,2023-06-25 17:53:54,57,CHIP,False,5734,MASTERCARD,50.3,True
AUTH000100,CRD00012,MER0010,4742.37,EUR,APPROVED,,2024-07-19 07:46:12,57,SWIPE,True,5300,MASTERCARD,99.6,True
AUTH000101,CRD00049,MER0006,4740.47,EUR,APPROVED,,2023-01-15 20:30:39,51,CONTACTLESS,True,5300,VISA,73.4,False
AUTH000102,CRD00032,MER0012,3555.84,USD,APPROVED,,2023-10-19 10:05:37,54,MANUAL,True,5411,AMEX,99.5,False
AUTH000103,CRD00006,MER0002,3449.06,EUR,APPROVED,,2023-12-12 02:37:07,61,ONLINE,True,5541,MASTERCARD,70.2,True
AUTH000104,CRD00162,MER0001,1506.28,GBP,APPROVED,,2023-03-20 10:24:02,54,MANUAL,True,5300,MASTERCARD,83.1,True
AUTH000105,CRD00159,MER0004,1414.25,USD,APPROVED,,2024-01-22 14:31:43,51,MANUAL,False,5541,AMEX,97.3,True
AUTH000106,CRD00076,MER0006,197.99,EUR,DECLINED,CARD_EXPIRED,2024-06-18 13:03:02,62,CHIP,False,5969,VISA,67.2,True
AUTH000107,CRD00172,MER0016,746.57,USD,DECLINED,,2024-02-02 10:52:44,05,ONLINE,False,5814,MASTERCARD,98.9,True
AUTH000108,CRD00013,MER0004,4066.08,USD,APPROVED,,2024-10-23 23:04:01,54,CHIP,True,4121,MASTERCARD,73.9,True
AUTH000109,CRD00012,MER0001,4260.14,GBP,PENDING,,2024-05-17 16:39:24,14,CHIP,False,5621,AMEX,26.8,False
AUTH000110,CRD00088,MER0006,570.05,EUR,APPROVED,,2023-12-21 14:29:52,54,SWIPE,True,7011,MASTERCARD,64.9,True
AUTH000111,CRD00179,MER0002,4907.86,USD,APPROVED,,2023-03-22 13:21:08,61,MANUAL,False,5812,AMEX,43.8,False
AUTH000112,CRD00092,MER0020,145.05,GBP,APPROVED,,2024-11-14 11:27:41,14,SWIPE,False,5734,MASTERCARD,44.1,True
AUTH000113,CRD00081,MER0001,3523.14,GBP,APPROVED,,2024-02-12 15:18:53,51,CHIP,True,7011,AMEX,70.1,True
AUTH000114,CRD00187,MER0008,2410.17,GBP,APPROVED,,2024-06-09 07:03:47,61,CONTACTLESS,True,7841,VISA,1.2,True
AUTH000115,CRD00121,MER0016,4347.21,USD,APPROVED,,2024-08-06 15:40:13,62,CHIP,False,4121,MASTERCARD,5.0,True
AUTH000116,CRD00097,MER0013,4085.7,USD,APPROVED,,2023-12-23 14:08:36,62,MANUAL,False,5411,MASTERCARD,44.7,True
AUTH000117,CRD00191,MER0001,514.11,EUR,REFERRED,,2023-01-28 19:57:20,00,ONLINE,True,7841,AMEX,30.5,False
AUTH000118,CRD00168,MER0015,4751.83,EUR,APPROVED,,2024-10-03 00:54:43,00,CONTACTLESS,False,4121,AMEX,76.7,False
AUTH000119,CRD00169,MER0012,3579.85,USD,APPROVED,,2023-03-17 16:21:27,51,ONLINE,False,7841,AMEX,96.4,True
AUTH000120,CRD00096,MER0004,229.84,USD,APPROVED,,2024-01-18 11:24:50,14,SWIPE,False,5541,AMEX,19.6,True
AUTH000121,CRD00101,MER0007,2285.77,USD,TIMEOUT,,2024-07-10 17:53:42,57,ONLINE,False,5411,AMEX,83.7,False
AUTH000122,CRD00116,MER0015,3292.63,GBP,APPROVED,,2023-04-15 13:47:49,62,ONLINE,True,5411,AMEX,93.5,False
AUTH000123,CRD00131,MER0006,3459.4,USD,APPROVED,,2024-07-21 09:24:26,14,ONLINE,False,7841,AMEX,88.3,False
AUTH000124,CRD00108,MER0020,4579.64,USD,PENDING,,2023-08-01 12:11:48,61,CHIP,False,5621,VISA,13.8,False
AUTH000125,CRD00192,MER0017,1495.27,GBP,DECLINED,VELOCITY_LIMIT,2024-10-30 12:45:05,57,MANUAL,True,5812,VISA,21.0,False
AUTH000126,CRD00089,MER0005,4906.7,GBP,APPROVED,,2023-05-19 02:40:08,57,ONLINE,False,4121,MASTERCARD,58.3,False
AUTH000127,CRD00173,MER0018,1430.35,EUR,DECLINED,,2023-01-10 22:03:34,05,ONLINE,False,5300,VISA,67.0,True
AUTH000128,CRD00042,MER0010,3417.27,USD,APPROVED,,2024-10-13 23:12:40,00,CHIP,False,4121,VISA,35.9,True
AUTH000129,CRD00173,MER0018,4324.34,GBP,APPROVED,,2024-05-17 15:10:50,61,CONTACTLESS,True,4511,AMEX,66.4,True
AUTH000130,CRD00176,MER0011,4829.2,USD,APPROVED,,2023-01-11 01:41:22,54,CONTACTLESS,True,5621,VISA,91.1,False
AUTH000131,CRD00095,MER0019,2733.53,GBP,DECLINED,CARD_EXPIRED,2024-08-25 20:25:26,51,CHIP,False,5251,AMEX,7.4,True
AUTH000132,CRD00031,MER0013,204.13,EUR,DECLINED,VELOCITY_LIMIT,2023-07-25 05:46:59,14,CONTACTLESS,True,5541,VISA,33.1,False
AUTH000133,CRD00011,MER0005,4643.21,GBP,TIMEOUT,,2023-02-09 12:00:50,54,SWIPE,True,4121,MASTERCARD,7.3,False
AUTH000134,CRD00057,MER0006,2603.51,GBP,APPROVED,,2023-05-04 18:52:52,61,MANUAL,True,5734,VISA,34.9,True
AUTH000135,CRD00085,MER0012,1468.58,GBP,APPROVED,,2024-02-17 01:12:58,62,MANUAL,True,5969,VISA,66.9,True
AUTH000136,CRD00165,MER0020,4593.12,USD,APPROVED,,2023-01-31 23:21:56,57,SWIPE,False,5734,MASTERCARD,54.0,True
AUTH000137,CRD00133,MER0012,2572.03,GBP,APPROVED,,2023-12-13 01:46:57,62,ONLINE,False,5812,MASTERCARD,51.4,True
AUTH000138,CRD00198,MER0018,2666.5,GBP,APPROVED,,2023-02-20 20:28:59,51,CONTACTLESS,True,5661,VISA,20.6,False
AUTH000139,CRD00190,MER0014,3233.16,USD,PENDING,,2024-08-03 03:03:14,14,ONLINE,False,4121,VISA,8.8,True
AUTH000140,CRD00065,MER0018,353.14,USD,APPROVED,,2024-12-08 14:01:14,54,SWIPE,False,5621,AMEX,40.4,True
AUTH000141,CRD00173,MER0004,2674.64,GBP,APPROVED,,2024-07-13 11:05:53,05,MANUAL,False,5411,MASTERCARD,92.8,True
AUTH000142,CRD00176,MER0010,3033.22,EUR,APPROVED,,2024-08-17 09:44:44,62,SWIPE,False,5969,MASTERCARD,15.6,True
AUTH000143,CRD00101,MER0018,1475.6,GBP,APPROVED,,2023-04-22 21:45:45,54,CHIP,False,4121,AMEX,14.1,True
AUTH000144,CRD00153,MER0013,2686.22,USD,APPROVED,,2023-08-25 15:51:17,51,CHIP,False,5661,AMEX,85.1,True
AUTH000145,CRD00057,MER0020,4173.91,USD,APPROVED,,2023-03-31 00:43:08,14,MANUAL,False,4121,MASTERCARD,64.5,True
AUTH000146,CRD00018,MER0009,491.91,GBP,APPROVED,,2024-03-26 23:05:14,62,CHIP,False,5300,AMEX,65.5,True
AUTH000147,CRD00018,MER0007,1589.61,EUR,APPROVED,,2023-09-13 00:48:52,54,MANUAL,False,5812,AMEX,36.4,True
AUTH000148,CRD00044,MER0001,1566.76,USD,REFERRED,,2024-07-07 04:21:14,61,CHIP,False,5300,AMEX,73.3,True
AUTH000149,CRD00092,MER0010,2435.37,USD,APPROVED,,2023-05-17 12:35:35,05,CHIP,False,4121,VISA,26.3,False
AUTH000150,CRD00020,MER0001,4248.09,GBP,APPROVED,,2023-01-25 05:30:09,61,MANUAL,False,5411,AMEX,26.1,False
AUTH000151,CRD00199,MER0005,1829.73,USD,APPROVED,,2024-11-23 09:36:00,54,CONTACTLESS,False,7011,AMEX,9.1,True
AUTH000152,CRD00170,MER0008,4240.06,GBP,APPROVED,,2024-06-15 09:41:51,14,MANUAL,False,5621,VISA,17.9,False
AUTH000153,CRD00038,MER0016,4695.94,USD,APPROVED,,2023-06-19 23:05:02,62,CONTACTLESS,False,5541,MASTERCARD,23.4,False
AUTH000154,CRD00093,MER0013,2348.9,EUR,APPROVED,,2024-11-15 17:19:12,00,ONLINE,True,4121,VISA,70.4,False
AUTH000155,CRD00071,MER0009,2893.58,GBP,APPROVED,,2023-05-16 00:47:43,61,SWIPE,False,5812,AMEX,89.8,True
AUTH000156,CRD00097,MER0008,2582.34,EUR,APPROVED,,2024-09-26 18:23:50,57,SWIPE,False,7841,VISA,50.2,True
AUTH000157,CRD00059,MER0003,2573.19,EUR,APPROVED,,2023-06-14 06:57:52,14,CONTACTLESS,False,7841,AMEX,71.7,True
AUTH000158,CRD00107,MER0011,3601.56,EUR,APPROVED,,2024-06-08 11:11:19,62,SWIPE,False,5812,VISA,64.7,True
AUTH000159,CRD00012,MER0005,2867.86,USD,APPROVED,,2023-04-15 15:26:17,00,MANUAL,False,5411,VISA,25.8,True
AUTH000160,CRD00104,MER0020,4846.25,GBP,APPROVED,,2023-01-15 11:06:09,54,ONLINE,False,5621,AMEX,99.3,True
AUTH000161,CRD00106,MER0020,714.42,GBP,APPROVED,,2024-09-29 06:21:20,14,MANUAL,True,7011,MASTERCARD,16.8,False
AUTH000162,CRD00117,MER0020,2953.39,USD,APPROVED,,2023-10-21 18:22:14,61,CONTACTLESS,False,5969,VISA,52.3,False
AUTH000163,CRD00039,MER0020,482.4,EUR,APPROVED,,2024-12-01 07:11:43,00,MANUAL,True,5734,VISA,48.2,True
AUTH000164,CRD00139,MER0001,4484.95,GBP,TIMEOUT,,2024-05-19 06:33:24,61,MANUAL,False,7841,VISA,69.8,True
AUTH000165,CRD00124,MER0013,1753.24,GBP,APPROVED,,2024-12-06 03:42:57,05,SWIPE,False,5541,MASTERCARD,76.6,True
AUTH000166,CRD00140,MER0014,1289.77,USD,APPROVED,,2024-07-04 19:29:32,00,MANUAL,True,5734,AMEX,0.7,False
AUTH000167,CRD00081,MER0014,1811.99,USD,APPROVED,,2023-11-27 22:33:00,54,CHIP,True,5661,AMEX,36.6,True
AUTH000168,CRD00102,MER0007,2066.73,GBP,REFERRED,,2024-01-10 17:51:03,14,CHIP,True,4121,MASTERCARD,25.4,True
AUTH000169,CRD00199,MER0013,3679.18,GBP,APPROVED,,2023-04-03 11:55:10,51,SWIPE,True,5251,VISA,21.4,True
AUTH000170,CRD00141,MER0020,3485.59,GBP,DECLINED,INSUFFICIENT_FUNDS,2023-05-05 20:22:25,61,ONLINE,False,5300,MASTERCARD,92.6,True
AUTH000171,CRD00068,MER0008,1854.8,GBP,APPROVED,,2023-01-30 07:48:37,61,SWIPE,True,7011,MASTERCARD,71.2,False
AUTH000172,CRD00199,MER0006,3201.82,EUR,APPROVED,,2023-01-09 07:39:22,51,MANUAL,False,5812,VISA,78.4,False
AUTH000173,CRD00060,MER0020,848.24,USD,APPROVED,,2023-10-07 10:02:22,51,ONLINE,False,5411,MASTERCARD,78.0,True
AUTH000174,CRD00104,MER0019,1002.35,USD,APPROVED,,2024-07-26 09:17:15,05,ONLINE,True,4511,AMEX,83.0,False
AUTH000175,CRD00071,MER0008,3032.21,USD,APPROVED,,2023-12-20 05:19:20,61,MANUAL,False,5541,VISA,40.7,True
AUTH000176,CRD00129,MER0010,1700.49,USD,APPROVED,,2024-09-15 15:55:41,54,MANUAL,True,5541,AMEX,44.3,True
AUTH000177,CRD00198,MER0008,3787.61,EUR,APPROVED,,2024-06-13 09:50:44,62,MANUAL,False,7011,VISA,25.8,True
AUTH000178,CRD00057,MER0008,4001.01,EUR,APPROVED,,2023-10-02 06:11:29,00,CHIP,False,4511,VISA,39.9,False
AUTH000179,CRD00020,MER0018,4657.05,EUR,DECLINED,DO_NOT_HONOR,2023-10-02 14:25:28,51,MANUAL,False,5251,AMEX,68.3,True
AUTH000180,CRD00052,MER0008,3677.41,EUR,APPROVED,,2023-06-10 14:37:59,51,CONTACTLESS,False,7841,MASTERCARD,15.6,True
AUTH000181,CRD00021,MER0016,3069.52,GBP,APPROVED,,2023-02-02 19:50:30,62,CHIP,True,4121,MASTERCARD,89.8,False
AUTH000182,CRD00126,MER0006,4921.99,GBP,PENDING,,2023-08-06 16:32:54,61,CONTACTLESS,True,5300,VISA,52.6,True
AUTH000183,CRD00139,MER0002,2512.87,EUR,APPROVED,,2024-10-30 07:01:15,14,SWIPE,False,7011,MASTERCARD,31.6,True
AUTH000184,CRD00054,MER0013,2905.46,EUR,APPROVED,,2023-10-08 20:45:21,54,CONTACTLESS,True,5541,VISA,26.9,False
AUTH000185,CRD00048,MER0016,2120.29,EUR,APPROVED,,2024-06-28 06:13:48,57,CHIP,False,5541,MASTERCARD,18.0,True
AUTH000186,CRD00176,MER0008,4071.14,GBP,REFERRED,,2023-07-29 16:12:57,51,MANUAL,False,5734,VISA,14.6,False
AUTH000187,CRD00003,MER0006,2108.18,USD,APPROVED,,2024-11-24 19:46:02,57,SWIPE,False,5541,AMEX,85.9,True
AUTH000188,CRD00177,MER0006,301.12,EUR,APPROVED,,2024-01-06 03:20:19,05,SWIPE,True,4121,MASTERCARD,36.1,False
AUTH000189,CRD00066,MER0012,100.16,USD,APPROVED,,2023-09-30 16:48:03,51,MANUAL,True,4121,VISA,97.9,True
AUTH000190,CRD00173,MER0017,2437.98,GBP,APPROVED,,2023-12-14 03:22:52,05,SWIPE,True,4511,MASTERCARD,63.2,True
AUTH000191,CRD00164,MER0011,2109.66,GBP,PENDING,,2024-03-20 00:05:48,61,ONLINE,False,5251,MASTERCARD,22.8,True
AUTH000192,CRD00182,MER0009,3027.32,EUR,APPROVED,,2023-07-30 16:25:51,62,CHIP,True,5812,AMEX,96.6,True
AUTH000193,CRD00006,MER0005,3639.13,GBP,APPROVED,,2023-07-15 11:02:24,05,CONTACTLESS,False,5734,VISA,9.6,True
AUTH000194,CRD00007,MER0013,2620.39,USD,APPROVED,,2023-03-22 17:21:57,54,MANUAL,False,5411,AMEX,93.2,True
AUTH000195,CRD00064,MER0010,2216.36,USD,APPROVED,,2023-04-12 23:10:57,14,ONLINE,False,7841,MASTERCARD,86.4,True
AUTH000196,CRD00139,MER0009,2743.18,USD,REFERRED,,2024-06-25 20:37:58,14,MANUAL,True,5621,AMEX,74.9,False
AUTH000197,CRD00164,MER0018,1549.0,EUR,APPROVED,,2024-01-10 02:38:17,51,ONLINE,False,4511,MASTERCARD,41.2,True
AUTH000198,CRD00001,MER0017,4077.08,USD,APPROVED,,2023-09-25 02:28:46,54,SWIPE,True,5969,AMEX,92.2,True
AUTH000199,CRD00197,MER0014,3990.03,GBP,APPROVED,,2023-06-29 14:10:02,00,MANUAL,False,5812,MASTERCARD,88.2,True
AUTH000200,CRD00042,MER0013,4142.31,USD,APPROVED,,2023-07-24 06:18:27,05,SWIPE,True,5814,AMEX,76.5,False
AUTH000201,CRD00176,MER0009,1424.1,GBP,DECLINED,VELOCITY_LIMIT,2024-09-20 05:17:09,54,SWIPE,False,5411,VISA,13.7,True
AUTH000202,CRD00159,MER0015,1361.4,GBP,APPROVED,,2024-01-18 03:28:13,51,CHIP,False,5300,VISA,97.0,True
AUTH000203,CRD00027,MER0010,1346.71,GBP,APPROVED,,2023-12-07 12:40:42,00,CONTACTLESS,False,5300,VISA,49.4,True
AUTH000204,CRD00128,MER0012,2318.96,USD,APPROVED,,2023-09-14 12:16:51,05,CONTACTLESS,False,5541,MASTERCARD,7.1,True
AUTH000205,CRD00065,MER0013,4141.43,USD,APPROVED,,2024-08-19 15:16:23,51,SWIPE,False,5814,AMEX,99.5,True
AUTH000206,CRD00198,MER0004,2606.17,USD,APPROVED,,2024-01-03 06:06:25,61,CHIP,False,5251,AMEX,72.8,False
AUTH000207,CRD00134,MER0004,1267.31,GBP,TIMEOUT,,2023-08-21 02:16:46,51,CHIP,False,5812,VISA,23.6,True
AUTH000208,CRD00043,MER0009,2923.9,EUR,APPROVED,,2024-09-04 22:42:22,51,ONLINE,False,5812,AMEX,47.5,False
AUTH000209,CRD00198,MER0003,1244.36,EUR,APPROVED,,2023-03-12 23:50:54,57,ONLINE,False,7841,AMEX,15.4,False
AUTH000210,CRD00033,MER0016,1164.14,GBP,DECLINED,,2024-05-15 17:04:19,57,SWIPE,True,5812,VISA,68.9,True
AUTH000211,CRD00065,MER0002,2427.03,EUR,DECLINED,VELOCITY_LIMIT,2023-08-17 21:52:41,62,CONTACTLESS,True,5251,AMEX,34.8,False
AUTH000212,CRD00154,MER0018,802.56,GBP,APPROVED,,2023-05-01 09:53:03,62,CHIP,False,4121,MASTERCARD,45.4,False
AUTH000213,CRD00188,MER0006,4414.78,GBP,APPROVED,,2024-10-27 12:27:20,57,MANUAL,False,4121,AMEX,6.3,False
AUTH000214,CRD00049,MER0017,3416.44,GBP,DECLINED,CARD_EXPIRED,2024-04-21 03:52:47,54,CHIP,False,4121,VISA,9.6,False
AUTH000215,CRD00034,MER0006,4367.59,USD,APPROVED,,2023-03-25 03:39:10,62,CONTACTLESS,False,5411,AMEX,64.2,True
AUTH000216,CRD00135,MER0020,3506.87,EUR,APPROVED,,2023-02-08 03:01:20,57,CONTACTLESS,True,5411,VISA,93.0,True
AUTH000217,CRD00021,MER0015,4005.3,USD,APPROVED,,2023-10-08 08:08:57,61,CHIP,True,5411,AMEX,26.6,True
AUTH000218,CRD00078,MER0003,4723.07,GBP,DECLINED,INSUFFICIENT_FUNDS,2023-03-20 14:58:22,51,MANUAL,False,5812,VISA,52.6,True
AUTH000219,CRD00046,MER0018,3746.22,EUR,APPROVED,,2024-08-02 12:28:05,05,MANUAL,False,5621,AMEX,66.5,True
AUTH000220,CRD00047,MER0018,2008.38,EUR,APPROVED,,2024-05-25 17:16:57,14,MANUAL,True,5621,MASTERCARD,90.2,False
AUTH000221,CRD00084,MER0012,2062.3,GBP,REFERRED,,2023-12-01 10:44:36,57,MANUAL,False,5812,AMEX,21.4,False
AUTH000222,CRD00066,MER0012,4808.3,EUR,TIMEOUT,,2023-11-05 10:18:16,00,ONLINE,False,7841,VISA,51.8,True
AUTH000223,CRD00057,MER0007,4278.75,USD,APPROVED,,2024-08-22 06:13:56,54,MANUAL,True,4121,AMEX,92.6,True
AUTH000224,CRD00118,MER0012,781.38,EUR,APPROVED,,2023-10-13 02:55:15,51,CONTACTLESS,False,4511,VISA,57.0,False
AUTH000225,CRD00188,MER0003,3618.18,EUR,TIMEOUT,,2023-05-15 07:08:09,62,MANUAL,False,7841,AMEX,30.0,False
AUTH000226,CRD00098,MER0003,3900.83,EUR,DECLINED,DO_NOT_HONOR,2024-11-14 08:31:15,61,SWIPE,False,5814,AMEX,65.3,False
AUTH000227,CRD00163,MER0013,271.59,GBP,TIMEOUT,,2023-02-01 23:41:34,57,MANUAL,True,5300,MASTERCARD,50.2,True
AUTH000228,CRD00173,MER0013,4855.23,GBP,APPROVED,,2024-03-22 19:31:39,05,CONTACTLESS,False,4511,MASTERCARD,14.8,True
AUTH000229,CRD00147,MER0002,2741.21,EUR,APPROVED,,2023-03-08 01:59:14,61,MANUAL,False,5300,VISA,48.1,True
AUTH000230,CRD00167,MER0019,981.3,GBP,APPROVED,,2024-07-25 09:50:27,51,CONTACTLESS,False,5541,MASTERCARD,32.3,False
AUTH000231,CRD00172,MER0014,2118.28,EUR,APPROVED,,2023-05-28 22:59:10,57,CHIP,True,5969,MASTERCARD,16.9,True
AUTH000232,CRD00114,MER0020,729.95,USD,APPROVED,,2024-12-18 20:34:58,51,CONTACTLESS,True,7841,VISA,75.8,True
AUTH000233,CRD00014,MER0008,4744.76,USD,APPROVED,,2024-11-05 18:43:03,54,ONLINE,False,5734,MASTERCARD,45.0,True
AUTH000234,CRD00190,MER0018,1060.16,GBP,APPROVED,,2024-02-11 10:22:58,54,MANUAL,False,7841,AMEX,99.2,False
AUTH000235,CRD00005,MER0013,2915.44,GBP,APPROVED,,2024-02-14 04:14:48,00,CHIP,False,5411,MASTERCARD,20.1,False
AUTH000236,CRD00014,MER0015,3274.13,USD,APPROVED,,2023-02-21 17:28:22,61,CHIP,True,7841,VISA,1.9,False
AUTH000237,CRD00098,MER0017,4883.08,USD,APPROVED,,2024-12-03 01:23:47,57,SWIPE,True,4121,VISA,18.6,False
AUTH000238,CRD00144,MER0001,199.72,GBP,REFERRED,,2023-08-25 20:15:39,57,SWIPE,False,5251,VISA,34.7,True
AUTH000239,CRD00078,MER0008,4979.98,GBP,APPROVED,,2023-08-03 06:44:37,00,CHIP,False,5969,AMEX,94.9,True
AUTH000240,CRD00101,MER0005,439.89,EUR,APPROVED,,2024-02-09 10:53:02,51,SWIPE,False,5812,VISA,42.6,True
AUTH000241,CRD00085,MER0015,2711.63,USD,TIMEOUT,,2024-05-21 18:58:18,14,MANUAL,True,5812,VISA,30.9,False
AUTH000242,CRD00035,MER0014,4978.43,USD,PENDING,,2024-05-24 17:02:47,14,CHIP,False,4121,AMEX,94.9,True
AUTH000243,CRD00038,MER0001,3827.41,EUR,APPROVED,,2023-11-16 10:17:18,54,SWIPE,True,5541,VISA,77.9,True
AUTH000244,CRD00007,MER0020,3085.12,GBP,APPROVED,,2024-03-16 10:26:57,51,MANUAL,False,5814,AMEX,2.6,True
AUTH000245,CRD00123,MER0005,2512.12,GBP,APPROVED,,2023-12-31 02:23:05,57,CONTACTLESS,False,7011,MASTERCARD,13.8,True
AUTH000246,CRD00105,MER0001,4627.25,EUR,APPROVED,,2023-06-22 20:42:40,51,CONTACTLESS,False,5251,MASTERCARD,86.7,True
AUTH000247,CRD00118,MER0008,2138.35,USD,APPROVED,,2024-04-17 04:38:08,61,CHIP,False,7841,AMEX,57.2,False
AUTH000248,CRD00181,MER0002,2603.72,EUR,APPROVED,,2023-12-21 21:14:28,00,CONTACTLESS,True,4121,MASTERCARD,98.4,True
AUTH000249,CRD00133,MER0002,950.06,EUR,APPROVED,,2023-11-06 04:00:04,54,CHIP,False,5251,MASTERCARD,29.4,True
AUTH000250,CRD00037,MER0015,4149.64,EUR,APPROVED,,2023-03-12 05:56:19,05,CONTACTLESS,True,4121,VISA,39.3,True
AUTH000251,CRD00046,MER0015,2951.99,GBP,APPROVED,,2024-11-26 18:49:38,51,SWIPE,False,5541,MASTERCARD,69.2,False
AUTH000252,CRD00184,MER0004,456.87,GBP,DECLINED,INVALID_CVV,2024-05-07 11:57:59,57,ONLINE,True,5734,AMEX,79.1,False
AUTH000253,CRD00041,MER0013,2752.18,USD,APPROVED,,2024-08-19 17:24:37,14,CHIP,True,5300,VISA,86.9,True
AUTH000254,CRD00014,MER0014,1541.0,GBP,DECLINED,,2023-12-13 14:51:23,54,CONTACTLESS,False,5300,VISA,0.4,True
AUTH000255,CRD00128,MER0016,2717.96,USD,APPROVED,,2024-04-17 05:38:30,62,CONTACTLESS,False,5812,AMEX,47.6,True
AUTH000256,CRD00154,MER0020,33.86,GBP,APPROVED,,2023-08-05 00:24:03,51,ONLINE,False,5300,VISA,65.3,True
AUTH000257,CRD00009,MER0019,4190.23,EUR,APPROVED,,2023-09-15 04:21:28,05,ONLINE,False,5661,VISA,16.1,True
AUTH000258,CRD00178,MER0020,2861.84,GBP,APPROVED,,2023-05-18 19:20:05,62,MANUAL,False,5411,VISA,76.9,True
AUTH000259,CRD00098,MER0003,3792.45,GBP,APPROVED,,2023-02-20 10:18:21,54,SWIPE,False,5734,AMEX,85.9,True
AUTH000260,CRD00135,MER0007,3479.45,GBP,APPROVED,,2023-02-15 04:38:21,05,MANUAL,True,7011,VISA,48.4,False
AUTH000261,CRD00181,MER0010,2135.84,EUR,APPROVED,,2023-07-21 16:24:50,57,CONTACTLESS,True,5812,MASTERCARD,52.0,False
AUTH000262,CRD00047,MER0020,1164.38,EUR,APPROVED,,2023-05-31 08:08:05,00,ONLINE,False,5621,AMEX,79.7,False
AUTH000263,CRD00158,MER0014,2070.79,EUR,DECLINED,DO_NOT_HONOR,2024-03-11 06:54:07,51,ONLINE,True,5812,AMEX,28.2,True
AUTH000264,CRD00130,MER0018,1620.3,USD,APPROVED,,2023-03-30 10:04:15,57,CHIP,False,5812,AMEX,96.0,True
AUTH000265,CRD00087,MER0016,4580.9,USD,APPROVED,,2024-05-16 11:49:47,14,SWIPE,False,5621,AMEX,89.6,True
AUTH000266,CRD00106,MER0002,4175.69,EUR,DECLINED,VELOCITY_LIMIT,2024-07-17 02:18:40,57,MANUAL,True,5969,VISA,57.7,True
AUTH000267,CRD00091,MER0003,4848.1,EUR,DECLINED,,2023-01-25 05:06:35,57,SWIPE,True,4121,VISA,57.1,True
AUTH000268,CRD00030,MER0010,3526.63,EUR,APPROVED,,2024-07-05 08:22:37,00,CHIP,False,5411,MASTERCARD,87.7,True
AUTH000269,CRD00078,MER0007,2625.98,USD,APPROVED,,2023-03-29 04:08:33,57,ONLINE,False,5411,MASTERCARD,50.6,True
AUTH000270,CRD00040,MER0007,1701.24,EUR,TIMEOUT,,2024-07-22 21:41:27,54,CHIP,False,5734,AMEX,67.7,True
AUTH000271,CRD00010,MER0015,1938.55,GBP,APPROVED,,2023-03-31 23:20:21,00,CHIP,False,7841,VISA,33.3,True
AUTH000272,CRD00197,MER0010,113.38,EUR,APPROVED,,2024-05-11 05:02:34,51,CHIP,False,5812,MASTERCARD,27.7,True
AUTH000273,CRD00172,MER0004,1364.0,USD,DECLINED,DO_NOT_HONOR,2023-03-30 21:41:47,00,MANUAL,True,7011,VISA,20.7,True
AUTH000274,CRD00070,MER0005,4716.45,EUR,APPROVED,,2024-03-21 21:40:54,51,CONTACTLESS,False,4511,AMEX,89.2,False
AUTH000275,CRD00034,MER0001,2354.21,GBP,APPROVED,,2023-02-09 04:34:05,05,SWIPE,False,5411,MASTERCARD,39.2,False
AUTH000276,CRD00152,MER0015,3081.96,EUR,APPROVED,,2023-09-16 03:07:09,51,MANUAL,False,5621,AMEX,13.2,False
AUTH000277,CRD00117,MER0010,3422.71,GBP,APPROVED,,2024-08-18 08:28:27,62,SWIPE,False,5814,VISA,86.1,False
AUTH000278,CRD00094,MER0013,917.58,GBP,APPROVED,,2023-09-14 13:45:33,57,SWIPE,False,5969,VISA,47.5,True
AUTH000279,CRD00044,MER0010,3839.94,GBP,APPROVED,,2024-03-22 08:46:45,14,MANUAL,False,5734,AMEX,79.7,True
AUTH000280,CRD00019,MER0010,2664.2,EUR,APPROVED,,2024-04-03 16:23:17,61,CONTACTLESS,True,5814,AMEX,15.9,True
AUTH000281,CRD00088,MER0007,4069.76,GBP,APPROVED,,2023-12-01 21:11:25,61,MANUAL,False,4121,AMEX,23.6,False
AUTH000282,CRD00190,MER0019,4183.9,USD,APPROVED,,2024-04-04 22:43:15,62,CHIP,True,5734,MASTERCARD,17.6,True
AUTH000283,CRD00028,MER0020,3856.95,EUR,APPROVED,,2023-09-12 07:19:55,62,ONLINE,False,5812,VISA,88.7,False
AUTH000284,CRD00194,MER0005,3304.75,EUR,DECLINED,VELOCITY_LIMIT,2023-08-15 10:00:52,61,MANUAL,True,5621,VISA,20.6,True
AUTH000285,CRD00174,MER0010,4592.59,EUR,APPROVED,,2024-07-11 12:35:53,57,ONLINE,True,5969,AMEX,98.6,True
AUTH000286,CRD00076,MER0002,1846.75,GBP,DECLINED,INSUFFICIENT_FUNDS,2023-01-01 15:43:13,57,ONLINE,False,5969,VISA,43.2,False
AUTH000287,CRD00082,MER0013,2030.76,EUR,APPROVED,,2024-02-28 09:45:02,51,CONTACTLESS,False,5300,VISA,55.5,True
AUTH000288,CRD00040,MER0010,4987.28,GBP,DECLINED,CARD_EXPIRED,2023-04-15 07:06:47,00,ONLINE,True,5969,VISA,72.1,True
AUTH000289,CRD00035,MER0003,686.96,EUR,APPROVED,,2024-10-30 02:24:34,62,MANUAL,False,7841,VISA,45.4,True
AUTH000290,CRD00116,MER0013,1777.18,USD,APPROVED,,2023-11-26 22:19:16,00,MANUAL,False,5814,AMEX,50.2,True
AUTH000291,CRD00148,MER0012,168.28,USD,TIMEOUT,,2024-03-17 07:04:32,62,CHIP,False,5812,MASTERCARD,96.2,True
AUTH000292,CRD00188,MER0017,4917.91,EUR,APPROVED,,2023-12-28 03:02:28,05,MANUAL,True,5411,VISA,47.2,False
AUTH000293,CRD00172,MER0003,3420.69,GBP,APPROVED,,2024-09-11 21:37:46,54,MANUAL,False,4121,AMEX,77.9,True
AUTH000294,CRD00121,MER0019,3669.34,EUR,APPROVED,,2023-10-02 02:48:13,54,CHIP,False,5411,AMEX,92.3,False
AUTH000295,CRD00145,MER0009,308.03,EUR,APPROVED,,2024-03-25 01:19:51,14,MANUAL,False,4511,AMEX,62.4,True
AUTH000296,CRD00033,MER0017,385.23,EUR,APPROVED,,2023-07-15 18:34:14,14,MANUAL,False,5541,MASTERCARD,1.4,True
AUTH000297,CRD00152,MER0005,3296.12,EUR,APPROVED,,2024-09-19 11:14:31,14,CHIP,True,5814,MASTERCARD,18.1,False
AUTH000298,CRD00088,MER0003,4836.76,GBP,PENDING,,2024-12-26 09:56:16,14,SWIPE,False,5734,VISA,66.1,False
AUTH000299,CRD00054,MER0019,3672.07,EUR,APPROVED,,2023-02-12 04:42:21,54,ONLINE,False,5251,MASTERCARD,39.9,True
AUTH000300,CRD00193,MER0018,1169.07,GBP,APPROVED,,2024-07-02 01:28:58,61,SWIPE,False,5300,AMEX,87.0,True
AUTH000301,CRD00115,MER0013,3392.79,GBP,APPROVED,,2024-06-14 09:44:13,00,ONLINE,True,7841,MASTERCARD,61.0,False
AUTH000302,CRD00086,MER0009,1336.17,USD,PENDING,,2023-07-18 07:57:20,61,SWIPE,True,5814,AMEX,67.2,True
AUTH000303,CRD00174,MER0006,1567.04,USD,APPROVED,,2024-06-06 13:56:08,00,ONLINE,False,5661,VISA,52.5,False
AUTH000304,CRD00057,MER0010,1260.23,USD,APPROVED,,2023-01-19 09:48:31,05,ONLINE,True,5812,AMEX,63.8,False
AUTH000305,CRD00023,MER0020,650.41,GBP,REFERRED,,2024-08-16 07:20:26,14,ONLINE,True,5251,MASTERCARD,29.5,False
AUTH000306,CRD00164,MER0015,4613.55,EUR,TIMEOUT,,2024-08-20 13:53:37,61,CHIP,False,5251,VISA,27.7,True
AUTH000307,CRD00086,MER0002,1291.93,EUR,APPROVED,,2023-05-19 04:50:45,62,ONLINE,False,5812,AMEX,39.3,False
AUTH000308,CRD00037,MER0018,3843.77,USD,APPROVED,,2024-04-21 21:09:40,05,SWIPE,True,5541,VISA,3.5,True
AUTH000309,CRD00065,MER0015,94.81,EUR,APPROVED,,2023-04-26 14:50:41,00,ONLINE,True,5734,MASTERCARD,15.2,True
AUTH000310,CRD00148,MER0001,2577.4,EUR,TIMEOUT,,2024-01-07 09:09:53,61,SWIPE,True,5411,AMEX,22.6,True
AUTH000311,CRD00200,MER0016,606.9,GBP,REFERRED,,2024-12-27 06:26:58,57,CHIP,True,4511,MASTERCARD,5.5,False
AUTH000312,CRD00137,MER0011,403.2,EUR,APPROVED,,2024-08-13 15:52:22,54,CONTACTLESS,False,4121,VISA,96.8,False
AUTH000313,CRD00179,MER0013,4482.41,GBP,APPROVED,,2024-06-19 00:57:23,57,SWIPE,False,5621,AMEX,18.9,True
AUTH000314,CRD00185,MER0019,1193.19,EUR,APPROVED,,2023-02-18 22:16:03,54,SWIPE,True,5621,VISA,3.7,True
AUTH000315,CRD00185,MER0002,2028.13,USD,APPROVED,,2024-09-18 21:30:12,62,MANUAL,False,5812,VISA,92.5,True
AUTH000316,CRD00126,MER0001,2356.63,GBP,DECLINED,INSUFFICIENT_FUNDS,2023-07-08 11:55:50,14,ONLINE,False,5411,MASTERCARD,82.1,True
AUTH000317,CRD00044,MER0019,320.72,USD,APPROVED,,2023-03-30 16:27:48,62,MANUAL,True,5814,VISA,80.4,True
AUTH000318,CRD00189,MER0013,1621.85,GBP,APPROVED,,2024-03-23 08:48:11,14,CHIP,False,5411,AMEX,17.3,True
AUTH000319,CRD00037,MER0014,841.09,EUR,APPROVED,,2024-03-05 20:16:04,14,SWIPE,False,5812,VISA,13.3,False
AUTH000320,CRD00200,MER0006,79.14,EUR,APPROVED,,2023-03-04 16:46:42,00,ONLINE,False,5411,AMEX,65.2,True
AUTH000321,CRD00198,MER0016,3462.1,USD,APPROVED,,2023-04-22 03:21:03,54,MANUAL,False,5661,VISA,93.8,False
AUTH000322,CRD00153,MER0006,3586.28,GBP,APPROVED,,2023-03-10 08:50:02,54,CHIP,False,5969,AMEX,23.6,True
AUTH000323,CRD00025,MER0020,1810.14,GBP,REFERRED,,2024-01-30 05:14:43,51,SWIPE,True,5812,MASTERCARD,5.3,True
AUTH000324,CRD00176,MER0016,2488.08,USD,DECLINED,FRAUD_SUSPECTED,2024-12-17 15:52:19,00,ONLINE,True,7841,MASTERCARD,21.0,True
AUTH000325,CRD00195,MER0015,217.54,GBP,APPROVED,,2023-02-10 17:51:41,14,CONTACTLESS,False,7011,AMEX,11.6,True
AUTH000326,CRD00152,MER0019,1630.54,USD,DECLINED,FRAUD_SUSPECTED,2024-06-09 17:26:45,57,CONTACTLESS,False,4121,VISA,9.8,False
AUTH000327,CRD00052,MER0013,4456.93,USD,APPROVED,,2024-01-01 19:53:41,62,ONLINE,False,5300,VISA,92.8,True
AUTH000328,CRD00096,MER0005,2289.24,USD,APPROVED,,2024-05-05 21:43:39,57,CHIP,False,4121,VISA,3.2,False
AUTH000329,CRD00035,MER0004,4258.41,EUR,APPROVED,,2023-11-21 20:15:26,14,CHIP,False,4511,AMEX,15.7,False
AUTH000330,CRD00044,MER0019,4850.71,USD,REFERRED,,2023-03-09 03:59:54,61,MANUAL,False,5812,AMEX,47.3,True
AUTH000331,CRD00187,MER0014,3681.16,USD,APPROVED,,2023-07-12 11:54:46,57,SWIPE,True,5814,AMEX,94.6,False
AUTH000332,CRD00107,MER0002,201.25,EUR,PENDING,,2024-07-23 16:59:21,00,SWIPE,True,5734,MASTERCARD,81.0,False
AUTH000333,CRD00116,MER0016,1203.32,GBP,DECLINED,,2023-01-10 15:34:52,61,CONTACTLESS,False,7841,MASTERCARD,23.9,True
AUTH000334,CRD00172,MER0010,809.85,EUR,APPROVED,,2024-10-28 08:49:38,00,SWIPE,False,5300,AMEX,40.5,True
AUTH000335,CRD00181,MER0001,4302.05,USD,APPROVED,,2023-10-26 22:40:10,57,MANUAL,False,4511,MASTERCARD,75.3,False
AUTH000336,CRD00139,MER0019,3972.6,GBP,TIMEOUT,,2023-03-04 21:11:09,57,ONLINE,True,7841,VISA,11.1,True
AUTH000337,CRD00011,MER0012,1832.8,GBP,APPROVED,,2024-03-10 00:36:32,05,MANUAL,True,5812,VISA,98.1,True
AUTH000338,CRD00167,MER0016,3687.16,GBP,APPROVED,,2024-11-07 15:03:57,51,CONTACTLESS,False,7841,MASTERCARD,50.4,True
AUTH000339,CRD00017,MER0012,1726.79,EUR,APPROVED,,2024-01-25 11:42:26,05,SWIPE,True,4121,AMEX,82.5,True
AUTH000340,CRD00095,MER0003,942.58,EUR,APPROVED,,2023-03-09 19:33:11,05,SWIPE,False,4511,VISA,10.9,True
AUTH000341,CRD00038,MER0016,753.34,USD,APPROVED,,2024-02-09 10:19:15,00,CHIP,False,4121,VISA,47.4,True
AUTH000342,CRD00166,MER0001,1458.29,USD,APPROVED,,2023-01-18 02:47:32,51,MANUAL,True,4121,MASTERCARD,57.9,False
AUTH000343,CRD00084,MER0016,2967.19,GBP,APPROVED,,2024-02-16 19:00:53,62,SWIPE,False,5812,VISA,89.8,True
AUTH000344,CRD00067,MER0008,2421.73,EUR,APPROVED,,2024-08-20 21:10:30,00,CONTACTLESS,False,4511,MASTERCARD,95.6,False
AUTH000345,CRD00183,MER0018,1426.95,USD,TIMEOUT,,2024-10-13 22:16:35,14,CONTACTLESS,False,5734,VISA,99.4,False
AUTH000346,CRD00067,MER0012,923.3,GBP,APPROVED,,2024-07-03 05:56:25,00,CHIP,False,5300,MASTERCARD,44.8,True
AUTH000347,CRD00032,MER0001,2023.41,EUR,APPROVED,,2024-08-19 22:13:01,14,SWIPE,False,5300,VISA,97.0,False
AUTH000348,CRD00085,MER0010,2370.08,EUR,REFERRED,,2024-08-08 18:35:31,14,MANUAL,True,5621,MASTERCARD,68.9,False
AUTH000349,CRD00011,MER0005,3390.36,USD,APPROVED,,2023-08-28 07:04:06,00,SWIPE,True,5814,MASTERCARD,35.7,True
AUTH000350,CRD00165,MER0007,2917.57,USD,APPROVED,,2024-08-29 20:10:38,54,CONTACTLESS,False,5411,AMEX,84.9,False
AUTH000351,CRD00023,MER0017,1972.72,EUR,APPROVED,,2023-09-04 19:26:05,00,CHIP,False,5300,AMEX,85.4,True
AUTH000352,CRD00004,MER0010,1725.26,EUR,APPROVED,,2023-12-13 02:08:21,05,CONTACTLESS,True,5621,AMEX,99.3,True
AUTH000353,CRD00187,MER0014,3643.3,EUR,APPROVED,,2023-04-19 09:43:48,05,CONTACTLESS,False,4511,MASTERCARD,98.8,False
AUTH000354,CRD00017,MER0019,3780.81,USD,REFERRED,,2023-01-06 03:23:04,61,CHIP,False,5251,AMEX,46.2,False
AUTH000355,CRD00036,MER0007,930.85,EUR,DECLINED,DO_NOT_HONOR,2024-03-06 04:49:40,62,ONLINE,False,5812,MASTERCARD,49.4,False
AUTH000356,CRD00007,MER0001,770.97,EUR,APPROVED,,2024-05-12 12:48:52,62,ONLINE,True,4511,MASTERCARD,17.9,False
AUTH000357,CRD00008,MER0004,3823.83,EUR,APPROVED,,2023-02-21 19:50:27,57,MANUAL,False,5812,MASTERCARD,86.8,False
AUTH000358,CRD00178,MER0004,1866.64,GBP,APPROVED,,2024-03-22 19:41:32,00,CHIP,False,5812,VISA,14.6,True
AUTH000359,CRD00035,MER0012,817.38,EUR,PENDING,,2023-10-08 12:34:28,61,CHIP,False,4511,MASTERCARD,53.0,True
AUTH000360,CRD00197,MER0006,3823.68,GBP,APPROVED,,2024-08-07 14:00:44,14,MANUAL,False,4121,AMEX,80.0,True
AUTH000361,CRD00177,MER0012,480.07,GBP,APPROVED,,2023-10-01 02:50:47,14,ONLINE,False,7011,MASTERCARD,37.3,True
AUTH000362,CRD00042,MER0004,1090.16,GBP,APPROVED,,2023-06-21 17:51:15,51,MANUAL,True,7011,AMEX,71.3,False
AUTH000363,CRD00030,MER0014,2303.0,USD,DECLINED,INSUFFICIENT_FUNDS,2024-09-28 00:22:20,14,ONLINE,False,7841,MASTERCARD,69.1,True
AUTH000364,CRD00153,MER0017,3818.18,EUR,DECLINED,CARD_EXPIRED,2024-07-05 09:23:59,54,ONLINE,True,5734,VISA,12.9,False
AUTH000365,CRD00059,MER0010,627.6,USD,APPROVED,,2023-03-03 01:18:09,61,ONLINE,False,5969,MASTERCARD,75.7,True
AUTH000366,CRD00009,MER0017,2966.29,EUR,APPROVED,,2023-04-03 08:52:14,54,ONLINE,False,4511,AMEX,1.0,True
AUTH000367,CRD00155,MER0007,2938.43,USD,DECLINED,CARD_EXPIRED,2024-06-04 20:54:07,57,ONLINE,False,5300,AMEX,94.2,False
AUTH000368,CRD00042,MER0017,3904.23,GBP,APPROVED,,2023-07-07 19:53:54,05,ONLINE,True,5969,AMEX,21.7,True
AUTH000369,CRD00044,MER0018,22.64,GBP,REFERRED,,2023-03-18 15:38:06,51,MANUAL,True,7011,MASTERCARD,69.8,True
AUTH000370,CRD00028,MER0006,4173.88,EUR,APPROVED,,2023-11-26 09:38:42,51,MANUAL,False,5661,VISA,76.1,True
AUTH000371,CRD00029,MER0017,680.43,EUR,APPROVED,,2024-07-01 09:08:11,54,MANUAL,True,5411,VISA,32.8,True
AUTH000372,CRD00117,MER0020,3681.14,GBP,APPROVED,,2024-10-15 07:03:26,62,CONTACTLESS,True,5661,MASTERCARD,98.5,True
AUTH000373,CRD00018,MER0016,4695.47,EUR,APPROVED,,2023-05-20 06:20:37,00,SWIPE,True,5734,MASTERCARD,43.8,False
AUTH000374,CRD00031,MER0005,1974.66,GBP,APPROVED,,2024-04-03 16:47:04,05,CONTACTLESS,False,7841,VISA,33.9,False
AUTH000375,CRD00104,MER0004,1165.12,EUR,DECLINED,FRAUD_SUSPECTED,2024-01-23 16:05:12,54,MANUAL,True,5541,AMEX,94.3,True
AUTH000376,CRD00155,MER0013,4937.63,GBP,APPROVED,,2023-08-05 14:53:53,14,SWIPE,False,5734,MASTERCARD,48.9,True
AUTH000377,CRD00035,MER0001,498.92,USD,APPROVED,,2024-10-06 22:08:46,05,SWIPE,True,5969,VISA,38.3,False
AUTH000378,CRD00078,MER0020,3116.54,USD,APPROVED,,2024-05-28 11:26:08,62,SWIPE,False,4511,AMEX,49.8,False
AUTH000379,CRD00088,MER0018,2733.55,USD,APPROVED,,2023-12-01 07:21:24,05,SWIPE,False,4121,MASTERCARD,44.3,True
AUTH000380,CRD00143,MER0010,4423.62,USD,APPROVED,,2024-01-17 17:50:38,61,CONTACTLESS,False,5734,MASTERCARD,76.4,False
AUTH000381,CRD00169,MER0018,3427.19,GBP,APPROVED,,2023-12-31 22:02:57,62,MANUAL,False,7011,VISA,39.1,True
AUTH000382,CRD00097,MER0020,3382.76,EUR,APPROVED,,2023-09-06 22:13:55,00,ONLINE,True,5411,VISA,83.7,True
AUTH000383,CRD00150,MER0001,3826.2,GBP,DECLINED,DO_NOT_HONOR,2023-10-23 14:24:07,05,SWIPE,False,7841,MASTERCARD,35.1,False
AUTH000384,CRD00061,MER0010,2963.07,GBP,APPROVED,,2023-02-20 21:00:46,54,ONLINE,False,5251,VISA,53.8,True
AUTH000385,CRD00109,MER0019,2574.28,EUR,APPROVED,,2023-07-27 02:08:10,00,SWIPE,True,5969,MASTERCARD,37.8,True
AUTH000386,CRD00026,MER0016,501.18,GBP,APPROVED,,2023-06-09 22:24:33,57,SWIPE,True,4121,VISA,61.5,True
AUTH000387,CRD00052,MER0016,3177.59,USD,REFERRED,,2024-10-14 17:49:39,51,CHIP,False,5411,MASTERCARD,99.6,True
AUTH000388,CRD00160,MER0003,3588.82,GBP,DECLINED,INSUFFICIENT_FUNDS,2024-04-04 17:09:24,57,CHIP,False,5812,AMEX,47.5,True
AUTH000389,CRD00020,MER0010,2523.69,EUR,APPROVED,,2023-12-03 06:02:10,57,CONTACTLESS,False,5734,MASTERCARD,62.5,True
AUTH000390,CRD00141,MER0006,4404.6,GBP,APPROVED,,2024-06-30 07:03:07,14,MANUAL,False,5812,AMEX,96.2,False
AUTH000391,CRD00069,MER0018,4044.86,EUR,TIMEOUT,,2024-12-26 22:52:35,00,MANUAL,False,7841,MASTERCARD,14.8,True
AUTH000392,CRD00196,MER0010,4220.77,EUR,DECLINED,DO_NOT_HONOR,2024-10-30 03:01:41,05,CONTACTLESS,False,5541,MASTERCARD,64.6,True
AUTH000393,CRD00061,MER0013,1193.18,USD,APPROVED,,2023-05-30 01:34:25,00,CONTACTLESS,False,5621,MASTERCARD,56.0,True
AUTH000394,CRD00010,MER0007,797.63,USD,APPROVED,,2023-01-23 15:14:37,54,CHIP,True,4121,VISA,64.4,True
AUTH000395,CRD00125,MER0001,277.58,USD,REFERRED,,2023-09-01 19:36:32,54,ONLINE,False,7841,AMEX,65.7,True
AUTH000396,CRD00186,MER0005,1180.97,GBP,APPROVED,,2024-07-24 11:42:25,05,MANUAL,True,5812,AMEX,25.2,True
AUTH000397,CRD00032,MER0011,1647.1,GBP,APPROVED,,2024-07-26 15:04:54,61,CONTACTLESS,False,5812,VISA,10.7,True
AUTH000398,CRD00113,MER0014,1272.28,GBP,REFERRED,,2023-02-13 10:31:30,62,MANUAL,False,5734,MASTERCARD,54.6,True
AUTH000399,CRD00072,MER0005,1815.63,GBP,APPROVED,,2023-10-13 15:09:25,54,ONLINE,True,7841,VISA,84.1,False
AUTH000400,CRD00014,MER0008,1265.66,EUR,DECLINED,DO_NOT_HONOR,2024-05-11 06:52:25,57,ONLINE,True,5814,MASTERCARD,38.8,True
AUTH000401,CRD00066,MER0010,452.16,USD,TIMEOUT,,2023-08-20 00:21:53,51,CONTACTLESS,False,4121,AMEX,40.6,True
AUTH000402,CRD00021,MER0016,2355.99,EUR,APPROVED,,2024-12-20 15:09:35,57,SWIPE,False,5251,AMEX,26.1,True
AUTH000403,CRD00155,MER0018,3689.19,EUR,APPROVED,,2024-06-23 23:39:20,00,ONLINE,True,5251,AMEX,44.3,False
AUTH000404,CRD00103,MER0007,3141.85,EUR,APPROVED,,2024-03-23 05:51:51,05,ONLINE,False,5814,AMEX,71.4,False
AUTH000405,CRD00153,MER0014,3963.42,EUR,DECLINED,INVALID_CVV,2024-01-07 13:22:43,14,CHIP,False,5812,MASTERCARD,80.0,True
AUTH000406,CRD00095,MER0006,1968.08,EUR,APPROVED,,2024-10-10 07:32:42,51,ONLINE,False,4121,AMEX,61.2,True
AUTH000407,CRD00119,MER0007,1309.65,USD,TIMEOUT,,2023-02-08 16:01:18,61,MANUAL,False,7841,MASTERCARD,14.9,True
AUTH000408,CRD00146,MER0004,71.56,GBP,APPROVED,,2023-12-04 23:56:48,62,SWIPE,False,5814,AMEX,20.3,True
AUTH000409,CRD00127,MER0013,651.87,USD,APPROVED,,2024-04-11 02:21:14,51,CHIP,True,5812,MASTERCARD,18.0,True
AUTH000410,CRD00068,MER0008,3088.78,USD,APPROVED,,2023-10-15 02:32:48,62,ONLINE,False,7011,VISA,87.1,False
AUTH000411,CRD00055,MER0013,3542.56,GBP,APPROVED,,2024-04-08 20:32:21,54,ONLINE,False,4121,VISA,5.2,True
AUTH000412,CRD00091,MER0020,4696.67,GBP,APPROVED,,2024-07-05 03:16:05,00,ONLINE,False,7011,AMEX,38.1,True
AUTH000413,CRD00034,MER0018,206.58,USD,APPROVED,,2023-07-22 04:11:17,14,MANUAL,False,4121,MASTERCARD,13.2,True
AUTH000414,CRD00111,MER0005,1302.77,EUR,DECLINED,INSUFFICIENT_FUNDS,2023-04-10 07:41:50,62,CHIP,True,7841,MASTERCARD,28.3,True
AUTH000415,CRD00195,MER0009,2585.35,EUR,APPROVED,,2024-11-24 08:36:31,14,CHIP,True,7011,VISA,55.6,False
AUTH000416,CRD00113,MER0002,945.41,USD,APPROVED,,2023-06-28 12:54:40,14,ONLINE,False,5541,VISA,70.6,True
AUTH000417,CRD00127,MER0002,2208.16,GBP,APPROVED,,2024-03-11 15:05:09,62,SWIPE,False,5734,AMEX,86.7,True
AUTH000418,CRD00053,MER0010,904.09,USD,APPROVED,,2024-08-05 11:49:56,54,MANUAL,True,5812,VISA,58.4,True
AUTH000419,CRD00147,MER0006,2082.68,USD,APPROVED,,2023-07-11 04:42:25,62,ONLINE,False,5969,MASTERCARD,68.1,False
AUTH000420,CRD00096,MER0019,4645.81,USD,APPROVED,,2024-10-12 02:23:09,57,CONTACTLESS,False,5411,MASTERCARD,83.1,False
AUTH000421,CRD00161,MER0009,2971.43,USD,APPROVED,,2023-09-13 20:57:46,00,MANUAL,False,4121,AMEX,100.0,False
AUTH000422,CRD00013,MER0010,1616.53,USD,APPROVED,,2024-07-31 17:26:12,05,MANUAL,True,5734,VISA,39.9,True
AUTH000423,CRD00198,MER0013,446.85,USD,APPROVED,,2023-05-07 13:26:04,61,SWIPE,False,5300,VISA,29.9,True
AUTH000424,CRD00080,MER0020,657.3,GBP,DECLINED,INSUFFICIENT_FUNDS,2024-10-08 06:35:23,57,MANUAL,False,7011,MASTERCARD,88.5,True
AUTH000425,CRD00154,MER0014,452.02,EUR,APPROVED,,2024-09-21 22:01:50,57,MANUAL,False,5661,AMEX,42.6,True
AUTH000426,CRD00119,MER0008,3238.41,GBP,APPROVED,,2023-05-01 10:42:31,62,MANUAL,True,7011,VISA,29.1,True
AUTH000427,CRD00123,MER0010,743.88,USD,APPROVED,,2024-06-15 12:32:10,54,CONTACTLESS,True,5661,MASTERCARD,56.9,False
AUTH000428,CRD00012,MER0017,539.05,EUR,APPROVED,,2023-11-17 19:14:23,05,SWIPE,True,5812,MASTERCARD,35.5,False
AUTH000429,CRD00129,MER0001,570.56,GBP,APPROVED,,2023-12-26 12:41:20,14,CONTACTLESS,False,5411,VISA,41.6,False
AUTH000430,CRD00151,MER0015,3787.01,EUR,APPROVED,,2024-04-29 12:40:06,54,CHIP,False,5812,VISA,7.8,False
AUTH000431,CRD00173,MER0004,2169.56,USD,APPROVED,,2023-01-05 12:59:50,61,ONLINE,False,5251,AMEX,47.7,False
AUTH000432,CRD00169,MER0020,3629.83,EUR,APPROVED,,2024-04-25 09:39:50,57,SWIPE,False,5411,VISA,13.5,True
AUTH000433,CRD00005,MER0007,4295.2,USD,APPROVED,,2024-01-09 16:40:28,14,CONTACTLESS,False,4121,VISA,8.6,True
AUTH000434,CRD00109,MER0001,583.18,USD,APPROVED,,2024-07-27 19:52:45,62,SWIPE,False,5969,MASTERCARD,58.5,True
AUTH000435,CRD00101,MER0002,1669.92,USD,APPROVED,,2024-05-04 15:41:30,61,SWIPE,False,5812,AMEX,73.1,True
AUTH000436,CRD00103,MER0016,2567.27,GBP,APPROVED,,2024-04-19 23:05:54,62,CONTACTLESS,True,5411,AMEX,1.9,False
AUTH000437,CRD00017,MER0009,4464.49,EUR,APPROVED,,2024-11-21 14:46:55,62,ONLINE,False,7841,AMEX,34.7,False
AUTH000438,CRD00042,MER0010,3631.32,EUR,APPROVED,,2023-09-25 01:46:47,62,CONTACTLESS,True,5814,AMEX,90.9,True
AUTH000439,CRD00184,MER0015,656.66,EUR,TIMEOUT,,2024-07-15 13:36:13,61,SWIPE,True,7841,MASTERCARD,80.0,True
AUTH000440,CRD00073,MER0003,3335.62,USD,APPROVED,,2023-05-15 14:22:49,51,CONTACTLESS,True,7011,VISA,79.3,True
AUTH000441,CRD00054,MER0018,236.2,USD,APPROVED,,2023-10-06 16:16:11,54,CHIP,True,5251,VISA,82.8,False
AUTH000442,CRD00017,MER0011,2153.67,GBP,APPROVED,,2023-06-26 01:48:45,05,MANUAL,False,7011,MASTERCARD,99.4,True
AUTH000443,CRD00198,MER0018,1338.19,USD,DECLINED,,2024-06-20 01:03:34,05,ONLINE,False,5621,VISA,97.5,False
AUTH000444,CRD00027,MER0018,210.81,USD,APPROVED,,2023-05-10 17:58:07,05,CONTACTLESS,False,5251,AMEX,29.2,True
AUTH000445,CRD00128,MER0004,772.32,EUR,DECLINED,DO_NOT_HONOR,2024-09-28 06:15:49,14,ONLINE,False,5621,MASTERCARD,76.9,True
AUTH000446,CRD00122,MER0011,1434.5,USD,APPROVED,,2023-03-08 04:52:27,54,CHIP,True,5661,MASTERCARD,62.9,True
AUTH000447,CRD00193,MER0017,2109.19,USD,APPROVED,,2023-04-18 04:24:02,61,SWIPE,False,5621,AMEX,79.5,True
AUTH000448,CRD00114,MER0005,3850.99,GBP,TIMEOUT,,2024-09-18 05:31:51,05,ONLINE,False,4121,MASTERCARD,98.2,True
AUTH000449,CRD00101,MER0002,3301.22,GBP,APPROVED,,2023-04-28 05:57:03,00,MANUAL,False,5661,MASTERCARD,88.6,False
AUTH000450,CRD00078,MER0011,4546.25,USD,APPROVED,,2024-10-04 08:27:49,54,MANUAL,True,5300,AMEX,40.4,False
AUTH000451,CRD00140,MER0020,3941.92,GBP,APPROVED,,2023-12-10 10:09:29,57,SWIPE,False,4511,VISA,3.7,True
AUTH000452,CRD00185,MER0005,2602.83,GBP,APPROVED,,2023-08-09 12:47:56,51,ONLINE,True,4121,MASTERCARD,52.1,False
AUTH000453,CRD00008,MER0018,2962.93,USD,APPROVED,,2024-10-08 09:52:21,54,SWIPE,True,5734,AMEX,6.0,True
AUTH000454,CRD00130,MER0012,619.94,GBP,APPROVED,,2023-04-07 21:30:17,62,CHIP,True,5969,MASTERCARD,33.9,True
AUTH000455,CRD00149,MER0019,3573.52,GBP,DECLINED,FRAUD_SUSPECTED,2024-02-19 05:13:15,51,CHIP,False,4511,AMEX,78.5,False
AUTH000456,CRD00036,MER0013,2598.81,USD,APPROVED,,2023-03-23 17:34:19,57,MANUAL,True,5812,MASTERCARD,45.4,True
AUTH000457,CRD00106,MER0003,462.15,EUR,DECLINED,CARD_EXPIRED,2024-01-05 22:00:02,51,SWIPE,False,7841,AMEX,52.6,False
AUTH000458,CRD00200,MER0013,4360.2,GBP,APPROVED,,2024-01-23 10:48:53,61,SWIPE,True,7011,AMEX,97.3,True
AUTH000459,CRD00033,MER0016,3556.04,USD,APPROVED,,2024-07-01 05:17:31,05,CONTACTLESS,False,7011,VISA,74.6,False
AUTH000460,CRD00031,MER0020,4261.74,USD,APPROVED,,2023-04-04 21:06:48,57,MANUAL,False,5411,AMEX,15.3,True
AUTH000461,CRD00096,MER0010,1470.61,USD,APPROVED,,2024-09-06 13:06:21,14,CONTACTLESS,True,5661,VISA,93.7,True
AUTH000462,CRD00056,MER0006,4095.81,EUR,PENDING,,2023-01-02 14:52:52,05,MANUAL,False,5411,VISA,41.8,False
AUTH000463,CRD00116,MER0011,3906.97,EUR,APPROVED,,2024-10-10 03:27:41,14,CONTACTLESS,True,5621,MASTERCARD,66.7,True
AUTH000464,CRD00084,MER0003,3999.26,GBP,PENDING,,2024-04-29 08:33:01,61,SWIPE,False,5734,MASTERCARD,54.1,False
AUTH000465,CRD00189,MER0009,3229.94,USD,PENDING,,2024-07-03 07:19:27,00,MANUAL,True,4511,AMEX,64.5,False
AUTH000466,CRD00050,MER0020,2709.63,USD,APPROVED,,2024-03-18 22:07:32,51,SWIPE,True,5969,VISA,65.8,False
AUTH000467,CRD00005,MER0009,3934.0,USD,APPROVED,,2024-10-06 10:33:10,62,ONLINE,True,7841,MASTERCARD,40.2,True
AUTH000468,CRD00006,MER0011,2185.65,EUR,APPROVED,,2023-01-19 16:27:13,57,SWIPE,False,5411,VISA,98.0,False
AUTH000469,CRD00037,MER0006,1278.52,USD,APPROVED,,2023-04-30 19:00:23,54,SWIPE,True,5251,VISA,61.4,True
AUTH000470,CRD00183,MER0002,1490.82,USD,APPROVED,,2023-09-06 14:00:19,14,SWIPE,False,5541,MASTERCARD,94.2,True
AUTH000471,CRD00062,MER0020,2930.56,EUR,APPROVED,,2024-01-31 01:23:15,61,ONLINE,False,5411,MASTERCARD,46.5,True
AUTH000472,CRD00008,MER0014,3168.07,USD,APPROVED,,2023-07-29 01:30:04,05,CONTACTLESS,True,5300,MASTERCARD,56.8,True
AUTH000473,CRD00163,MER0017,1018.08,USD,APPROVED,,2023-10-17 22:54:49,14,CONTACTLESS,True,5661,AMEX,45.2,True
AUTH000474,CRD00159,MER0010,3265.64,USD,DECLINED,INSUFFICIENT_FUNDS,2023-02-16 17:44:37,62,CHIP,True,5541,AMEX,38.0,True
AUTH000475,CRD00055,MER0019,4203.58,EUR,DECLINED,INSUFFICIENT_FUNDS,2023-05-06 09:01:04,05,CHIP,False,5734,AMEX,12.3,True
AUTH000476,CRD00072,MER0014,1055.04,GBP,DECLINED,,2023-09-05 05:36:55,57,CHIP,True,5621,MASTERCARD,24.6,True
AUTH000477,CRD00118,MER0020,1642.96,GBP,APPROVED,,2023-04-14 20:49:42,00,MANUAL,False,5969,VISA,67.3,True
AUTH000478,CRD00179,MER0016,3812.56,GBP,APPROVED,,2023-03-05 00:43:22,05,MANUAL,False,5621,AMEX,12.3,True
AUTH000479,CRD00092,MER0013,886.76,GBP,DECLINED,INSUFFICIENT_FUNDS,2023-04-07 21:46:01,62,CHIP,False,5621,VISA,22.2,True
AUTH000480,CRD00175,MER0012,958.37,GBP,DECLINED,FRAUD_SUSPECTED,2023-08-24 11:39:26,51,CONTACTLESS,False,7841,VISA,28.1,False
AUTH000481,CRD00054,MER0001,981.24,GBP,DECLINED,INVALID_CVV,2023-03-28 04:11:35,54,MANUAL,True,7011,VISA,55.2,False
AUTH000482,CRD00173,MER0020,2826.14,USD,DECLINED,VELOCITY_LIMIT,2023-04-10 14:41:09,05,CONTACTLESS,False,5812,VISA,88.1,False
AUTH000483,CRD00050,MER0001,4959.76,GBP,DECLINED,FRAUD_SUSPECTED,2024-02-18 22:44:59,54,MANUAL,False,5969,MASTERCARD,64.1,False
AUTH000484,CRD00083,MER0014,4221.86,EUR,APPROVED,,2023-08-01 20:23:37,05,MANUAL,False,7011,MASTERCARD,51.7,True
AUTH000485,CRD00058,MER0002,1390.39,EUR,PENDING,,2024-02-18 12:50:49,62,CHIP,False,5734,VISA,33.5,False
AUTH000486,CRD00189,MER0008,4890.5,EUR,DECLINED,INSUFFICIENT_FUNDS,2024-12-13 06:01:47,51,CONTACTLESS,False,4121,MASTERCARD,6.3,False
AUTH000487,CRD00123,MER0014,4040.49,GBP,APPROVED,,2024-09-11 05:16:29,57,CHIP,False,5734,MASTERCARD,23.8,True
AUTH000488,CRD00086,MER0017,3970.76,USD,DECLINED,,2024-04-11 00:09:09,62,ONLINE,True,5621,AMEX,12.5,True
AUTH000489,CRD00097,MER0011,4450.53,GBP,TIMEOUT,,2023-02-20 12:12:49,14,ONLINE,False,5411,MASTERCARD,61.1,True
AUTH000490,CRD00174,MER0002,2796.73,EUR,APPROVED,,2024-10-22 03:49:50,61,SWIPE,False,7841,MASTERCARD,23.3,False
AUTH000491,CRD00160,MER0001,2267.6,EUR,DECLINED,,2023-11-29 12:28:09,05,CHIP,True,5969,MASTERCARD,51.7,False
AUTH000492,CRD00027,MER0001,2976.28,USD,APPROVED,,2024-04-05 12:12:19,51,MANUAL,False,7011,MASTERCARD,35.5,True
AUTH000493,CRD00114,MER0006,1216.52,USD,DECLINED,INSUFFICIENT_FUNDS,2023-04-10 04:08:30,54,MANUAL,False,7011,AMEX,75.4,True
AUTH000494,CRD00139,MER0005,737.9,EUR,APPROVED,,2024-04-13 14:52:36,57,CHIP,False,5969,AMEX,58.6,False
AUTH000495,CRD00061,MER0017,4096.1,GBP,APPROVED,,2024-10-28 23:22:09,00,SWIPE,False,5812,VISA,64.1,True
AUTH000496,CRD00088,MER0007,3339.63,GBP,DECLINED,FRAUD_SUSPECTED,2023-12-30 01:00:43,57,MANUAL,True,4121,AMEX,30.0,True
AUTH000497,CRD00117,MER0002,2480.16,USD,APPROVED,,2024-05-11 03:28:51,51,CONTACTLESS,False,7841,VISA,23.9,False
AUTH000498,CRD00085,MER0013,1027.38,USD,DECLINED,,2023-01-06 05:22:13,57,ONLINE,False,7841,VISA,55.5,True
AUTH000499,CRD00050,MER0019,4563.63,EUR,APPROVED,,2023-02-04 02:26:42,00,CONTACTLESS,False,4511,VISA,21.9,True
AUTH000500,CRD00087,MER0018,1230.58,USD,DECLINED,INSUFFICIENT_FUNDS,2023-05-17 18:19:15,54,ONLINE,False,5300,MASTERCARD,65.5,True
